﻿<?xml version="1.0" encoding="UTF-8" standalone="no"?>
<!--Copyright (c) Microsoft Corporation.  All rights reserved.-->
<Rules FriendlyName="AddIn Contract Rules">
  <Rule TypeName="ContractAssembliesShouldNotHaveReferencesToNonFrameworkAssemblies" Category="AddInContractRules" CheckId="AF0001">
    <Name>Contract assemblies should not have references to non-framework assemblies</Name>
    <Description>Don't reference non-framework assemblies from the contract assembly unless you can be sure that the assembly can be loaded on both sides of the contract boundary.</Description>
    <Url>http://www.codeplex.com/clraddins</Url>
    <Resolution>In {0}: Remove assembly reference to {1}. Only assemblies that are guaranteed to be loadable on both sides of the isolation boundary between hosts and add-ins should be referenced from contract assemblies: if you know that {1} will always be available on both sides then you can ignore this rule.</Resolution>
    <MessageLevel Certainty="95">Warning</MessageLevel>
    <Email></Email>
    <FixCategories>DependsOnFix</FixCategories>
    <Owner></Owner>
  </Rule>
  <Rule TypeName="ContractTypesThatRepresentAddInsShouldBeMarkedWithTheAddInContractAttribute" Category="AddInContractRules" CheckId="AF0002">
    <Name>Contract types that represent add-ins should be marked with the AddInContractAttribute</Name>
    <Description>Contracts that represent add-ins and are intended to be activated should be marked with the AddInContractAttribute. Contracts that only represent objects passed between hosts and add-ins do not need this attribute; if all of the types in this assembly fall under this category then this rule can be ignored.</Description>
    <Url>http://www.codeplex.com/clraddins</Url>
    <Resolution>Mark all contracts that represent add-ins with the AddInContractAttribute. </Resolution>
    <MessageLevel Certainty="95">Warning</MessageLevel>
    <Email></Email>
    <FixCategories>NonBreaking</FixCategories>
    <Owner></Owner>
  </Rule>
  <Rule TypeName="ValueTypesDefinedInAContractAssemblyShouldBeSerializable" Category="AddInContractRules" CheckId="AF0003">
    <Name>Value types defined in a contract assembly should be serializable</Name>
    <Description> Value types (structs) are only useful in the contract assembly if they can be serialized across the boundary.</Description>
    <Url>http://www.codeplex.com/clraddins</Url>
    <Resolution>Mark the {0} type with [Serializable].</Resolution>
    <MessageLevel Certainty="100">CriticalError</MessageLevel>
    <Email></Email>
    <FixCategories>Breaking</FixCategories>
    <Owner></Owner>
  </Rule>
  <Rule TypeName="ContractInterfacesShouldNotImplementNonIContractInterfaces" Category="AddInContractRules" CheckId="AF0004">
    <Name>Contract interfaces should not implement non-IContract interfaces</Name>
    <Description>All interfaces defined in the contract assembly should only implement IContract, or another interface that implements IContract. Implementing a non-IContract interface can cause problems with lifetime management.</Description>
    <Url>http://www.codeplex.com/clraddins</Url>
    <Resolution>The interface {0} implements a non-IContract interface. Remove this parent, or modify the parent to implement IContract.</Resolution>
    <MessageLevel Certainty="100">CriticalError</MessageLevel>
    <Email></Email>
    <FixCategories>Breaking</FixCategories>
    <Owner></Owner>
  </Rule>
  <Rule TypeName="ContractInterfacesMustImplementIContract" Category="AddInContractRules" CheckId="AF0005">
    <Name>Contract interfaces must implement IContract</Name>
    <Description>All interfaces defined in the contract assembly must implement IContract, or another interface that implements IContract. Using an interface that doesn’t implement IContract can cause problems with lifetime management.</Description>
    <Url>http://www.codeplex.com/clraddins</Url>
    <Resolution>Add IContract (or one of its children) as a parent of interface {0}</Resolution>
    <MessageLevel Certainty="100">CriticalError</MessageLevel>
    <Email></Email>
    <FixCategories>NonBreaking</FixCategories>
    <Owner></Owner>
  </Rule>
  <Rule TypeName="ContractAssembliesShouldNotDefineTypesThatDeriveFromMarshalByRefObject" Category="AddInContractRules" CheckId="AF0006">
    <Name>Contract assemblies should not define types that derive from MarshalByRefObject</Name>
    <Description>MarshalByRefObjects can cause problems with lifetime management. If this type represents an object you want to marshal by reference, you should define an interface implementing IContract to represent it. If it is intended to be copied (and thus passed by value), then you should define a simple serializable value type (struct) to represent it.</Description>
    <Url>http://www.codeplex.com/clraddins</Url>
    <Resolution>Remove MarshalByRefObject as a parent of {0}, and represent it as a contract/value type instead.</Resolution>
    <MessageLevel Certainty="100">CriticalError</MessageLevel>
    <Email></Email>
    <FixCategories>Breaking</FixCategories>
    <Owner></Owner>
  </Rule>
  <Rule TypeName="ExceptionTypesMustImplementISerializableAndBeMarkedWithTheSerializableAttribute" Category="AddInContractRules" CheckId="AF0007">
    <Name>Exception types must implement ISerializable and be marked with the Serializable attribute</Name>
    <Description>Exception must implement ISerializable and be marked with the SerializableAttribute in order to function well across AppDomain boundaries.</Description>
    <Url>http://www.codeplex.com/clraddins</Url>
    <Resolution>Exception {0} must implement ISerializable and be marked with the SerializableAttribute.</Resolution>
    <MessageLevel Certainty="100">CriticalError</MessageLevel>
    <Email></Email>
    <FixCategories>NonBreaking</FixCategories>
    <Owner></Owner>
  </Rule>
  <Rule TypeName="ContractAssembliesShouldNotDefineStaticTypes" Category="AddInContractRules" CheckId="AF0008">
    <Name>Contract assemblies should not define static types</Name>
    <Description>The state of static types is stored per AppDomain and changes to state in one AppDomain are not reflected in others.</Description>
    <Url>http://www.codeplex.com/clraddins</Url>
    <Resolution>Make type {0} non-static or remove it entirely.</Resolution>
    <MessageLevel Certainty="95">Warning</MessageLevel>
    <Email></Email>
    <FixCategories>Breaking</FixCategories>
    <Owner></Owner>
  </Rule>
  <Rule TypeName="ContractAssembliesShouldNotDefineReferenceTypesOtherThanExceptionTypes" Category="AddInContractRules" CheckId="AF0009">
    <Name>Contract assemblies should not define reference types other than exception types</Name>
    <Description>The only valid reference type is an Exception type. If this type represents an object you want to marshal by reference, you should define an interface implementing IContract to represent it. If it is intended to be copied (and thus passed by value), then you should define a simple serializable value type (struct) to represent it.</Description>
    <Url>http://www.codeplex.com/clraddins</Url>
    <Resolution>{0} should be represented instead as a contract. </Resolution>
    <MessageLevel Certainty="95">Error</MessageLevel>
    <Email></Email>
    <FixCategories>Breaking</FixCategories>
    <Owner></Owner>
  </Rule>
  <Rule TypeName="ContractAssembliesShouldNotDefineDelegateTypes" Category="AddInContractRules" CheckId="AF0010">
    <Name>Contract assemblies should not define delegate types</Name>
    <Description>Delegates do no marshal well across AppDomain or Process boundaries and so should not be used in contracts.</Description>
    <Url>http://www.codeplex.com/clraddins</Url>
    <Resolution>Remove delegate type {0} from the contract assembly. If you need to pass a delegate-like type across the boundary, you should instead define an interface with a single method that has the signature you want.</Resolution>
    <MessageLevel Certainty="100">CriticalError</MessageLevel>
    <Email></Email>
    <FixCategories>Breaking</FixCategories>
    <Owner></Owner>
  </Rule>
  <Rule TypeName="ContractAssembliesShouldNotDefineExceptionTypes" Category="AddInContractRules" CheckId="AF0011">
    <Name>Contract assemblies should not define exception types</Name>
    <Description>If possible, you should use one of the framework defined exceptions rather than defining your own. If you decide to define your own exceptions, they become part of your object model and you will need to define corresponding Exception types in the views and perform the conversion in your adapters.</Description>
    <Url>http://www.codeplex.com/clraddins</Url>
    <Resolution>Use a framework defined exception instead.</Resolution>
    <MessageLevel Certainty="75">Warning</MessageLevel>
    <Email></Email>
    <FixCategories>Breaking</FixCategories>
    <Owner></Owner>
  </Rule>
  <Rule TypeName="NonExceptionTypesShouldPreferSerializableAttributeOverISerializable" Category="AddInContractRules" CheckId="AF0012">
    <Name>Non-exception types should prefer [Serializable] attribute over ISerializable</Name>
    <Description>Implementing ISerializable adds a significant performance overhead compared to standard serialization. If possible, use the built in serialization engine instead of customizing it with ISerializable.</Description>
    <Url>http://www.codeplex.com/clraddins</Url>
    <Resolution>Mark {0} with [Serializable] and remove implementation of ISerializable.</Resolution>
    <MessageLevel Certainty="75">Warning</MessageLevel>
    <Email></Email>
    <FixCategories>Breaking</FixCategories>
    <Owner></Owner>
  </Rule>
  <Rule TypeName="AllInterfacesUsedInContractAssembliesShouldImplementIContract" Category="AddInContractRules" CheckId="AF0013">
    <Name>All interfaces used in contract assemblies should implement IContract</Name>
    <Description>All interfaces used in the contract assembly should implement IContract, or another interface that implements IContract. Using an interface that doesn’t implement IContract can cause problems with lifetime management.</Description>
    <Url>http://www.codeplex.com/clraddins</Url>
    <Resolution Name="Field">Change the type of field {0} from {1} to a Contract interface.</Resolution>
    <Resolution Name="MethodReturnValue">Change the return value type of method {0} from {1} to a Contract interface.</Resolution>
    <Resolution Name="MethodParameter">Change the type of parameter {0} from {1} to a Contract interface.</Resolution>
    <Resolution Name="Property">Change the type of property {0} from {1} to a Contract interface.</Resolution>
    <MessageLevel Certainty="100">CriticalError</MessageLevel>
    <Email></Email>
    <FixCategories>Breaking</FixCategories>
    <Owner></Owner>
  </Rule>
  <Rule TypeName="ContractAssembliesShouldNotUseTypesThatDeriveFromMarshalByRefObject" Category="AddInContractRules" CheckId="AF0014">
    <Name>Contract assemblies should not use types that derive from MarshalByRefObject</Name>
    <Description>MarshalByRefObjects can cause problems with lifetime management. If this type represents an object you want to marshal by reference, you should define an interface implementing IContract to represent it. If it is intended to be copied (and thus passed by value), then you should define a simple serializable value type (struct) to represent it.</Description>
    <Url>http://www.codeplex.com/clraddins</Url>
    <Resolution Name="Field">Change the type of field {0} from {1} to a non-MarshalByRefObject type.</Resolution>
    <Resolution Name="MethodReturnValue">Change the return value type of method {0} from {1} to a non-MarshalByRefObject type.</Resolution>
    <Resolution Name="MethodParameter">Change the type of parameter {0} from {1} to a non-MarshalByRefObject type.</Resolution>
    <Resolution Name="Property">Change the type of property {0} from {1} to a non-MarshalByRefObject type.</Resolution>
    <MessageLevel Certainty="100">CriticalError</MessageLevel>
    <Email></Email>
    <FixCategories>Breaking</FixCategories>
    <Owner></Owner>
  </Rule>
  <Rule TypeName="ContractAssembliesShouldOnlyUseTypesThatAreEitherSerializableOrAreInterfacesImplementingIContract" Category="AddInContractRules" CheckId="AF0015">
    <Name>Contract assemblies should only use types that are either serializable or are interfaces implementing IContract</Name>
    <Description>This type is neither serializable nor is it an interface implementing IContract. If it represents an object you want to marshal by reference, you should define an interface implementing IContract to represent it. If it is intended to be copied (and thus passed by value), then you should define a simple serializable value type (struct) to represent it.</Description>
    <Url>http://www.codeplex.com/clraddins</Url>
    <Resolution Name="Field">Change the type of field {0} from {1} to a serializable type or an interface that implements IContract.</Resolution>
    <Resolution Name="MethodReturnValue">Change the return value type of method {0} from {1} to a serializable type or an interface that implements IContract.</Resolution>
    <Resolution Name="MethodParameter">Change the type of parameter {0} from {1} to a serializable type or an interface that implements IContract.</Resolution>
    <Resolution Name="Property">Change the type of property {0} from {1} to a serializable type or an interface that implements IContract.</Resolution>
    <MessageLevel Certainty="95">Error</MessageLevel>
    <Email></Email>
    <FixCategories>Breaking</FixCategories>
    <Owner></Owner>
  </Rule>
  <Rule TypeName="ContractAssembliesShouldNotDefineEvents" Category="AddInContractRules" CheckId="AF0025">
    <Name>Contract assemblies should not define events</Name>
    <Description>Adding an event directly to your contract interface causes delegates, which behave very poorly across boundaries, to be sent across the contract boundary.</Description>
    <Url>http://www.codeplex.com/clraddins</Url>
    <Resolution>Remove event {0}. You should instead define an contract representing your EventArgs and one that has a single method representing the signature of your event. You can then replace the event with a pair of add/remove methods that represent the subscribe and unsubscribe portions of the event and build adapters to adapt these to events in the views.</Resolution>
    <MessageLevel Certainty="100">CriticalError</MessageLevel>
    <Email></Email>
    <FixCategories>Breaking</FixCategories>
    <Owner></Owner>
  </Rule>
  <Rule TypeName="ArraysShouldNotContainTypesThatImplementIContract" Category="AddInContractRules" CheckId="AF0016">
    <Name>Arrays should not contain types that implement IContract</Name>
    <Description>All arrays are serialized across AppDomain or Process boundaries. When this occurs the serialization engine tries to serialize the contents as well. This fails when the type is an IContract (and thus intended to be sent across as a reference).</Description>
    <Url>http://www.codeplex.com/clraddins</Url>
    <Resolution Name="Field">Change the type of field {0} from an array to IListContract&lt;T&gt;.</Resolution>
    <Resolution Name="MethodReturnValue">Change the return value type of method {0} from an array to IListContract&lt;T&gt;.</Resolution>
    <Resolution Name="MethodParameter">Change the type of parameter {0} from an array to IListContract&lt;T&gt;.</Resolution>
    <Resolution Name="Property">Change the type of property {0} from an array to IListContract&lt;T&gt;.</Resolution>
    <MessageLevel Certainty="100">CriticalError</MessageLevel>
    <Email></Email>
    <FixCategories>Breaking</FixCategories>
    <Owner></Owner>
  </Rule>
  <Rule TypeName="ArraysShouldOnlyContainSerializableTypes" Category="AddInContractRules" CheckId="AF0017">
    <Name>Arrays should only contain serializable types</Name>
    <Description>All arrays are serialized across AppDomain or Process boundaries. When this occurs the serialization engine tries to serialize the contents as well. If the type is not serializable this will cause a failure.</Description>
    <Url>http://www.codeplex.com/clraddins</Url>
    <Resolution Name="Field">Change the type of field {0} from {1} to be an array of a serializable type. Alternately, use IListContract&lt;T&gt; instead.</Resolution>
    <Resolution Name="MethodReturnValue">Change the return value type of method {0} from {1} to be an array of a serializable type. Alternately, use IListContract&lt;T&gt; instead.</Resolution>
    <Resolution Name="MethodParameter">Change the type of parameter {0} from {1} to be an array of a serializable type. Alternately, use IListContract&lt;T&gt; instead.</Resolution>
    <Resolution Name="Property">Change the type of property {0} from {1} to be an array of a serializable typ. Alternately, use IListContract&lt;T&gt; instead.</Resolution>
    <MessageLevel Certainty="100">CriticalError</MessageLevel>
    <Email></Email>
    <FixCategories>Breaking</FixCategories>
    <Owner></Owner>
  </Rule>
  <Rule TypeName="ContractAssembliesShouldNotContainAnyStaticMembers" Category="AddInContractRules" CheckId="AF0018">
    <Name>Contract assemblies should not contain any static members</Name>
    <Description>Static state is stored per AppDomain, and changes to state in one AppDomain are not reflected in others.</Description>
    <Url>http://www.codeplex.com/clraddins</Url>
    <Resolution>Make member {0} non-static or remove it entirely.</Resolution>
    <MessageLevel Certainty="95">Error</MessageLevel>
    <Email></Email>
    <FixCategories>Breaking</FixCategories>
    <Owner></Owner>
  </Rule>
  <Rule TypeName="ContractAssembliesShouldNotUseDelegates" Category="AddInContractRules" CheckId="AF0019">
    <Name>Contract assemblies should not use delegates</Name>
    <Description>Delegates do not marshal well across AppDomain or Process boundaries, and so should not be used in contracts.</Description>
    <Url>http://www.codeplex.com/clraddins</Url>
    <Resolution Name="Field">Change the type of field {0} from {1} to a non-delegate type. If you need to pass a delegate like type across the boundary you should instead define an interface with a single method that has the signature you want.</Resolution>
    <Resolution Name="MethodReturnValue">Change the return value type of method {0} from {1} to a non-delegate type. If you need to pass a delegate like type across the boundary you should instead define an interface with a single method that has the signature you want.</Resolution>
    <Resolution Name="MethodParameter">Change the type of parameter {0} from {1} to a non-delegate type. If you need to pass a delegate like type across the boundary you should instead define an interface with a single method that has the signature you want.</Resolution>
    <Resolution Name="Property">Change the type of property {0} from {1} to a non-delegate type. If you need to pass a delegate like type across the boundary you should instead define an interface with a single method that has the signature you want.</Resolution>
    <MessageLevel Certainty="100">CriticalError</MessageLevel>
    <Email></Email>
    <FixCategories>Breaking</FixCategories>
    <Owner></Owner>
  </Rule>
  <Rule TypeName="ContractAssembliesShouldNotUseArbitraryTypesThatImplementICollectionGenericOrICollection" Category="AddInContractRules" CheckId="AF0020">
    <Name>Contract assemblies should not use arbitrary types that implement ICollection&lt;T&gt; or ICollection</Name>
    <Description>All interfaces used in the contract assembly should only implement IContract, or another interface that implements IContract. Using an interface that doesn’t implement IContract can cause problems with lifetime management. You should use a contract based collection type, such as IListContract&lt;T&gt;, instead.</Description>
    <Url>http://www.codeplex.com/clraddins</Url>
    <Resolution Name="Field">Change the type of field {0} from {1} to IListContract&lt;T&gt;.</Resolution>
    <Resolution Name="MethodReturnValue">Change the return value type of method {0} from {1} to IListContract&lt;T&gt;.</Resolution>
    <Resolution Name="MethodParameter">Change the type of parameter {0} from {1} to IListContract&lt;T&gt;.</Resolution>
    <Resolution Name="Property">Change the type of property {0} from {1} to IListContract&lt;T&gt;.</Resolution>
    <MessageLevel Certainty="95">Error</MessageLevel>
    <Email></Email>
    <FixCategories>Breaking</FixCategories>
    <Owner></Owner>
  </Rule>
  <Rule TypeName="ContractAssembliesShouldNotUseATypeDefinedSimplyAsSystemObject" Category="AddInContractRules" CheckId="AF0021">
    <Name>Contract assemblies should not use a type defined simply as System.Object</Name>
    <Description>Using the System.Object type makes it very difficult to ensure that this will version well over time. If this is intended to represent an arbitrary contract, type you should use IContract instead.</Description>
    <Url>http://www.codeplex.com/clraddins</Url>
    <Resolution Name="Field">Change the type of field {0} from {1} to IContract.</Resolution>
    <Resolution Name="MethodReturnValue">Change the return value type of method {0} from {1} to IContract.</Resolution>
    <Resolution Name="MethodParameter">Change the type of parameter {0} from {1} to IContract.</Resolution>
    <Resolution Name="Property">Change the type of property {0} from {1} to IContract.</Resolution>
    <MessageLevel Certainty="95">Error</MessageLevel>
    <Email></Email>
    <FixCategories>Breaking</FixCategories>
    <Owner></Owner>
  </Rule>
  <Rule TypeName="ContractAssembliesShouldNotUseSystemType" Category="AddInContractRules" CheckId="AF0022">
    <Name>Contract assemblies should not use System.Type</Name>
    <Description>Passing a System.Type across the boundary causes the assembly containing it to be loaded in the other domain as well. This greatly lessens the value of the isolation boundary for versioning, security, unloadability, and reliability.</Description>
    <Url>http://www.codeplex.com/clraddins</Url>
    <Resolution Name="Field">Change the type of field {0}. If you need to pass type information across the boundary you should use an AssemblyQualifiedName instead. </Resolution>
    <Resolution Name="MethodReturnValue">Change the return value type of method {0}. If you need to pass type information across the boundary you should use an AssemblyQualifiedName instead.</Resolution>
    <Resolution Name="MethodParameter">Change the type of parameter {0}. If you need to pass type information across the boundary you should use an AssemblyQualifiedName instead.</Resolution>
    <Resolution Name="Property">Change the type of property {0}. If you need to pass type information across the boundary you should use an AssemblyQualifiedName instead.</Resolution>
    <MessageLevel Certainty="95">Error</MessageLevel>
    <Email></Email>
    <FixCategories>Breaking</FixCategories>
    <Owner></Owner>
  </Rule>
  <Rule TypeName="ContractAssembliesShouldNotUseTypesFromTheSystemReflectionNamespaceOtherThanAssemblyName" Category="AddInContractRules" CheckId="AF0023">
    <Name>Contract assemblies should not use types from the System.Reflection namespace other than AssemblyName</Name>
    <Description>Passing most reflection types across the boundary causes the assembly containing it to be loaded in that domain as well. This greatly lessens the value of the isolation boundary for versioning, security, unloadability, and reliability.</Description>
    <Url>http://www.codeplex.com/clraddins</Url>
    <Resolution Name="Field">Change the type of field {0} from {1} to a non-Reflection type.</Resolution>
    <Resolution Name="MethodReturnValue">Change the return value type of method {0} from {1} to a non-Reflection type.</Resolution>
    <Resolution Name="MethodParameter">Change the type of parameter {0} from {1} to a non-Reflection type.</Resolution>
    <Resolution Name="Property">Change the type of property {0} from {1} to a non-Reflection type.</Resolution>
    <MessageLevel Certainty="95">Error</MessageLevel>
    <Email></Email>
    <FixCategories>Breaking</FixCategories>
    <Owner></Owner>
  </Rule>
  <Rule TypeName="ContractAssembliesShouldNotUseSystemAddInContractCollectionsIListContractGeneric" Category="AddInContractRules" CheckId="AF0024">
    <Name>Contract assemblies should not use System.AddIn.Contract.Collections.IListContract&lt;T&gt;</Name>
    <Description>System.AddIn contains helper methods for using System.AddIn.Contract.IList&lt;T&gt; and should be preffered over the version in System.AddIn.Contracts.Collections. System.AddIn.Contract.Collections.IList&lt;T&gt; is in place largely for compatibility reasons.</Description>
    <Url>http://www.codeplex.com/clraddins</Url>
    <Resolution Name="Field">Change the type of field {0} from {1} to System.AddIn.Contract.IListContract&lt;T&gt;.</Resolution>
    <Resolution Name="MethodReturnValue">Change the return value type of method {0} from {1} to System.AddIn.Contract.IListContract&lt;T&gt;.</Resolution>
    <Resolution Name="MethodParameter">Change the type of parameter {0} from {1} to System.AddIn.Contract.IListContract&lt;T&gt;.</Resolution>
    <Resolution Name="Property">Change the type of property {0} from {1} to System.AddIn.Contract.IListContract&lt;T&gt;.</Resolution>
    <MessageLevel Certainty="80">Warning</MessageLevel>
    <Email></Email>
    <FixCategories>Breaking</FixCategories>
    <Owner></Owner>
  </Rule>
  <Rule TypeName="ContractAssembliesShouldNotUseSystemAddinContractCollections" Category="AddInContractRules" CheckId="AF0026">
    <Name>Contract assemblies should not use System.AddIn.Contract.Collections.*</Name>
    <Description>System.AddIn.Contract.Collections.* should not be used. If you use System.AddIn.Contract.Collections, you will need to write your own adapters for them.</Description>
    <Url>http://www.codeplex.com/clraddins</Url>
    <Resolution Name="Field">Change the type of field {0}.</Resolution>
    <Resolution Name="MethodReturnValue">Change the return value of type {0}.</Resolution>
    <Resolution Name="MethodParameter">Change the type of parameter {0}.</Resolution>
    <Resolution Name="Property">Change the type of property {0}.</Resolution>
    <MessageLevel Certainty="50">Warning</MessageLevel>
    <Email></Email>
    <FixCategories>Breaking</FixCategories>
    <Owner></Owner>
  </Rule>
  <Rule TypeName="ContractAssembliesShouldNotDeclareNonPublicTypes" Category="AddInContractRules" CheckId="AF0027">
    <Name>Contract assemblies should not declare non-public types</Name>
    <Description>The purpose of a contract assembly is to allow adapters to represent the types across isolation and versioning boundaries. Making a type in this assembly non-public prevents it from being used in this fashion.</Description>
    <Url>http://www.codeplex.com/clraddins</Url>
    <Resolution>Make type {0} public.</Resolution>
    <MessageLevel Certainty="95">Error</MessageLevel>
    <Email></Email>
    <FixCategories>NonBreaking</FixCategories>
    <Owner></Owner>
  </Rule>
</Rules>