﻿<?xml version="1.0" encoding="UTF-8" standalone="no"?>
<!--Copyright (c) Microsoft Corporation.  All rights reserved.-->
<Rules FriendlyName="AddIn View Rules">
  <Rule TypeName="ActivatableAddInTypesShouldBeMarkedWithTheAddinBaseAttribute" Category="AddInViewRules" CheckId="AF1001">
    <Name>Activatable add-in types should be marked with the AddInBaseAttribute</Name>
    <Description>No type in the assembly is marked with the AddInBaseAttribute. For this assembly to be used (without modification) as an AddInView, the types that represent add-ins need to be marked with the AddInBaseAttribute. Even if the type will not be used directly through System.AddIn today, applying this attribute now will make it easier to migrate while still maintaining compatibility.</Description>
    <Url>http://www.codeplex.com/clraddins</Url>
    <Resolution>Mark types that could represent activatable add-ins with AddInBaseAttribute</Resolution>
    <MessageLevel Certainty="95">Warning</MessageLevel>
    <Email></Email>
    <FixCategories>NonBreaking</FixCategories>
    <Owner></Owner>
  </Rule>
  <Rule TypeName="ConcreteReferenceTypesShouldDeriveFromAViewTypeDefinedInTheCurrentAssembly" Category="AddInViewRules" CheckId="AF1002">
    <Name>Concrete reference types should derive from a view type defined in the current assembly</Name>
    <Description>Concrete types are very difficult to isolate down the road. They should only be in this assembly if they implement an interface or inherit from a abstract base class in this assembly.</Description>
    <Url>http://www.codeplex.com/clraddins</Url>
    <Resolution>Make {0} inherit from a non-concrete type in the current assembly, or move it out from the current assembly.</Resolution>
    <MessageLevel Certainty="95">Error</MessageLevel>
    <Email></Email>
    <FixCategories>Breaking</FixCategories>
    <Owner></Owner>
  </Rule>
  <Rule TypeName="ViewTypesShouldNotImplementIContractOrAnInterfaceThatImplementsIContract" Category="AddInViewRules" CheckId="AF1003">
    <Name>View types should not implement IContract or an interface that implements IContract</Name>
    <Description>Exposing a contract directly in the view can cause a variety of problems. It makes it very difficult to version over time since it strongly binds the consumer of the view to a particular version of the contract assembly.</Description>
    <Url>http://www.codeplex.com/clraddins</Url>
    <Resolution>Remove the IContract parent from {0} and use a corresponding view type instead.</Resolution>
    <MessageLevel Certainty="100">CriticalError</MessageLevel>
    <Email></Email>
    <FixCategories>Breaking</FixCategories>
    <Owner></Owner>
  </Rule>
  <Rule TypeName="ViewTypesShouldNotBeMarkedSerializable" Category="AddInViewRules" CheckId="AF1004">
    <Name>View types should not be marked serializable</Name>
    <Description>Types defined in views should never have to directly cross any isolation boundary, and so shouldn’t need to be serializable. You can mark these serializable if you need to store them to disk but you shouldn’t do so in order to pass them across boundaries.</Description>
    <Url>http://www.codeplex.com/clraddins</Url>
    <Resolution Name="Attribute">Remove SerializableAttribute from {0}.</Resolution>
    <Resolution Name="Interface">Remove ISerializable implementation from {0}.</Resolution>
    <MessageLevel Certainty="80">Warning</MessageLevel>
    <Email></Email>
    <FixCategories>Breaking</FixCategories>
    <Owner></Owner>
  </Rule>
  <Rule TypeName="ViewTypesShouldNotDeriveFromMarshalByRefObject" Category="AddInViewRules" CheckId="AF1005">
    <Name>View types should not derive from MarshalByRefObject</Name>
    <Description>Types defined in views should never have to directly cross any isolation boundary and so shouldn’t need to be a MarshalByRefObject.</Description>
    <Url>http://www.codeplex.com/clraddins</Url>
    <Resolution>Remove MarshalByRefObject parent from {0}.</Resolution>
    <MessageLevel Certainty="95">Error</MessageLevel>
    <Email></Email>
    <FixCategories>Breaking</FixCategories>
    <Owner></Owner>
  </Rule>
  <Rule TypeName="ViewTypesShouldNotHaveGenericParameters" Category="AddInViewRules" CheckId="AF1006">
    <Name>View types should not have generic parameters</Name>
    <Description>Types with generic parameters are difficult to isolate, since their pipeline components cannot be generated automatically.</Description>
    <Url>http://www.codeplex.com/clraddins</Url>
    <Resolution>Remove generic parameters from {0}.</Resolution>
    <MessageLevel Certainty="100">Warning</MessageLevel>
    <Email></Email>
    <FixCategories>Breaking</FixCategories>
    <Owner></Owner>
  </Rule>
  <Rule TypeName="ThereShouldBeNoExceptionTypesDefinedInTheViewAssembly" Category="AddInViewRules" CheckId="AF1007">
    <Name>There should be no exception types defined in the view assembly</Name>
    <Description>Defining your own exception makes that exception type part of your object model. This means it will require a different exception type to cross the isolation boundary, and adapting logic on either side to do the conversion. If at all possible, you should use one of the existing framework exception types.</Description>
    <Url>http://www.codeplex.com/clraddins</Url>
    <Resolution>Remove exception type {0} from the view assembly and use one from the framework.</Resolution>
    <MessageLevel Certainty="80">Warning</MessageLevel>
    <Email></Email>
    <FixCategories>Breaking</FixCategories>
    <Owner></Owner>
  </Rule>
  <Rule TypeName="ViewTypesShouldNotBeMarkedStatic" Category="AddInViewRules" CheckId="AF1008">
    <Name>View types should not be marked static</Name>
    <Description>The state of static types is stored per AppDomain, and changes to state in one AppDomain are not reflected in others. Static types in the view are only OK if they provide simple helper functionality, and are stateless.</Description>
    <Url>http://www.codeplex.com/clraddins</Url>
    <Resolution>Make type {0} non-static.</Resolution>
    <MessageLevel Certainty="80">Warning</MessageLevel>
    <Email></Email>
    <FixCategories>Breaking</FixCategories>
    <Owner></Owner>
  </Rule>
  <Rule TypeName="ViewTypesShouldNotInheritFromFrameworkElement" Category="AddInViewRules" CheckId="AF1009">
    <Name>View types should not inherit from FrameworkElement</Name>
    <Description>Building adapters for types that inherit from FrameworkElement is difficult, since you have to hand-code them.</Description>
    <Url>http://www.codeplex.com/clraddins</Url>
    <Resolution>Have types that would have returned or taken in {0} use FrameworkElement directly instead.</Resolution>
    <MessageLevel Certainty="80">Warning</MessageLevel>
    <Email></Email>
    <FixCategories>Breaking</FixCategories>
    <Owner></Owner>
  </Rule>
  <Rule TypeName="ViewTypesShouldNotInheritFromControl" Category="AddInViewRules" CheckId="AF1010">
    <Name>View types should not inherit from Control</Name>
    <Description>Building adapters for types that inherit from Control is difficult, since you have to hand-code them.</Description>
    <Url>http://www.codeplex.com/clraddins</Url>
    <Resolution>Have types that would have returned or taken in {0} use Control directly instead.</Resolution>
    <MessageLevel Certainty="80">Warning</MessageLevel>
    <Email></Email>
    <FixCategories>Breaking</FixCategories>
    <Owner></Owner>
  </Rule>
  <Rule TypeName="TypesUsedInViewsShouldNotImplementIContract" Category="AddInViewRules" CheckId="AF1011">
    <Name>Types used in views should not implement IContract</Name>
    <Description>Exposing a contract directly in the view can cause a variety of problems. It makes it very difficult to version over time since it strongly binds the consumer of the view to a particular version of the contract assembly.</Description>
    <Url>http://www.codeplex.com/clraddins</Url>
    <Resolution Name="Field">Change the type of field {0} from {1} to use a corresponding view type instead.</Resolution>
    <Resolution Name="MethodReturnValue">Change the return value of type {0} from {1} to use a corresponding view type instead.</Resolution>
    <Resolution Name="MethodParameter">Change the type of parameter {0} from {1} to use a corresponding view type instead.</Resolution>
    <Resolution Name="Property">Change the type of property {0} from {1} to use a corresponding view type instead.</Resolution>
    <MessageLevel Certainty="100">CriticalError</MessageLevel>
    <Email></Email>
    <FixCategories>Breaking</FixCategories>
    <Owner></Owner>
  </Rule>
  <Rule TypeName="ConcreteReferenceTypesUsedInViewsShouldBeSerializable" Category="AddInViewRules" CheckId="AF1012">
    <Name>Concrete reference types used in views should be serializable</Name>
    <Description>Concrete types are very difficult isolate down the road. They should only be in this assembly if they inherit/implement an abstract base class or interface in this assembly. Other types should reference the abstract base class or interface, and not the concrete helper type.</Description>
    <Url>http://www.codeplex.com/clraddins</Url>
    <Resolution Name="Field">Change the type of field {0} from {1} to a serializable type.</Resolution>
    <Resolution Name="MethodReturnValue">Change the return value of type {0} from {1} to a serializable type.</Resolution>
    <Resolution Name="MethodParameter">Change the type of parameter {0} from {1} to a serializable type.</Resolution>
    <Resolution Name="Property">Change the type of property {0} from {1} to a serializable type.</Resolution>
    <MessageLevel Certainty="95">Error</MessageLevel>
    <Email></Email>
    <FixCategories>Breaking</FixCategories>
    <Owner></Owner>
  </Rule>
  <Rule TypeName="ConcreteReferenceTypesUsedInViewsShouldBelongToAFrameworkAssembly" Category="AddInViewRules" CheckId="AF1013">
    <Name>Concrete reference types used in views should belong to a framework assembly</Name>
    <Description>Concrete types are very difficult isolate down the road. They should only be in this assembly if they inherit/implement an abstract base class or interface in this assembly. Other types should reference the abstract base class or interface, and not the concrete helper type. You can pass types across the boundary directly only if they are serializable and can be loaded in both sides of an isolation boundary. This is only true for serializable framework types.</Description>
    <Url>http://www.codeplex.com/clraddins</Url>
    <Resolution Name="Field">Change the type of field {0} from {1} to a framework type.</Resolution>
    <Resolution Name="MethodReturnValue">Change the return value of type {0} from {1} to a framework type.</Resolution>
    <Resolution Name="MethodParameter">Change the type of parameter {0} from {1} to a framework type.</Resolution>
    <Resolution Name="Property">Change the type of property {0} from {1} to a framework type.</Resolution>
    <MessageLevel Certainty="95">Error</MessageLevel>
    <Email></Email>
    <FixCategories>Breaking</FixCategories>
    <Owner></Owner>
  </Rule>
  <Rule TypeName="EventsShouldBeOfTheGenericTypeEventHandler" Category="AddInViewRules" CheckId="AF1014">
    <Name>Events should be of the generic type EventHandler&lt;T&gt;</Name>
    <Description>There are no tools that automatically generate adapters for events other than EventHandler&lt;T&gt; which would make building adapters for this member very difficult.</Description>
    <Url>http://www.codeplex.com/clraddins</Url>
    <Resolution>Change the type of event {0} to EventHandler&lt;T&gt;.</Resolution>
    <MessageLevel Certainty="95">Warning</MessageLevel>
    <Email></Email>
    <FixCategories>Breaking</FixCategories>
    <Owner></Owner>
  </Rule>
  <Rule TypeName="EventsShouldOnlyBeDeclaredOnInterfaces" Category="AddInViewRules" CheckId="AF1015">
    <Name>Events should only be declared on Interfaces, not AbstractBaseClasses</Name>
    <Description>Events should only be declared on interfaces, not abstract base classes, because some languages (such as VisualBasic) cannot consume abstract events.</Description>
    <Url>http://www.codeplex.com/clraddins</Url>
    <Resolution>Move event {0} to an interface.</Resolution>
    <MessageLevel Certainty="100">Error</MessageLevel>
    <Email></Email>
    <FixCategories>Breaking</FixCategories>
    <Owner></Owner>
  </Rule>
  <Rule TypeName="ViewArraysShouldOnlyContainSerializableTypes" Category="AddInViewRules" CheckId="AF1016">
    <Name>Arrays should only contain serializable types</Name>
    <Description>All arrays are serialized across AppDomain or Process boundaries. When this occurs, the serialization engine tries to serialize the contents as well. So if the element type is non-serializable, this will fail.</Description>
    <Url>http://www.codeplex.com/clraddins</Url>
    <Resolution Name="Field">Change the type of field {0} from {1} to IList&lt;T&gt;.</Resolution>
    <Resolution Name="MethodReturnValue">Change the return value of type {0} from {1} to IList&lt;T&gt;.</Resolution>
    <Resolution Name="MethodParameter">Change the type of parameter {0} from {1} to IList&lt;T&gt;.</Resolution>
    <Resolution Name="Property">Change the type of property {0} from {1} to IList&lt;T&gt;.</Resolution>
    <MessageLevel Certainty="95">Warning</MessageLevel>
    <Email></Email>
    <FixCategories>Breaking</FixCategories>
    <Owner></Owner>
  </Rule>
  <Rule TypeName="IListGenericShouldBeUsedInsteadOfArbitraryICollections" Category="AddInViewRules" CheckId="AF1017">
    <Name>IList&lt;T&gt; should be used instead of arbitrary ICollections</Name>
    <Description>There are no pre-built contracts or adapters for collections other than IList&lt;T&gt;. Thus, if you use these you will have to write your own adapters.</Description>
    <Url>http://www.codeplex.com/clraddins</Url>
    <Resolution Name="Field">Change the type of field {0} from {1} to  IList&lt;T&gt;.</Resolution>
    <Resolution Name="MethodReturnValue">Change the return value of type {0} from {1} to  IList&lt;T&gt; .</Resolution>
    <Resolution Name="MethodParameter">Change the type of parameter {0} from {1} to  IList&lt;T&gt;.</Resolution>
    <Resolution Name="Property">Change the type of property {0} from {1} to  IList&lt;T&gt;.</Resolution>
    <MessageLevel Certainty="80">Warning</MessageLevel>
    <Email></Email>
    <FixCategories>Breaking</FixCategories>
    <Owner></Owner>
  </Rule>
  <Rule TypeName="NonConcreteTypesUsedInViewsShouldBeDefinedInTheViewAssembly" Category="AddInViewRules" CheckId="AF1018">
    <Name>Non-concrete types used in views should be defined in the view assembly</Name>
    <Description>If you are using an interface/abstract base class defined in a different assembly, you need to ensure that that type follows the same rules that govern types in this assembly.</Description>
    <Url>http://www.codeplex.com/clraddins</Url>
    <Resolution Name="Field">Change the type of field {0} from {1} to a type defined in the current assembly.</Resolution>
    <Resolution Name="MethodReturnValue">Change the return value of type {0} from {1} to a type defined in the current assembly.</Resolution>
    <Resolution Name="MethodParameter">Change the type of parameter {0} from {1} to a type defined in the current assembly.</Resolution>
    <Resolution Name="Property">Change the type of property {0} from {1} to a type defined in the current assembly.</Resolution>
    <MessageLevel Certainty="75">Warning</MessageLevel>
    <Email></Email>
    <FixCategories>Breaking</FixCategories>
    <Owner></Owner>
  </Rule>
  <Rule TypeName="SerializableTypesUsedByViewsShouldBeDefinedInAFrameworkAssembly" Category="AddInViewRules" CheckId="AF1019">
    <Name>Serializable types used by views should be defined in a framework assembly</Name>
    <Description>If you intend to serialize this type across an isolation boundary, you need to be sure that the type is going to be available to load in both sides of the isolation boundary. This is hard to ensure if it is not a framework type.</Description>
    <Url>http://www.codeplex.com/clraddins</Url>
    <Resolution Name="Field">Change the type of field {0} from {1} to a framework type, or a type defined in the current assembly.</Resolution>
    <Resolution Name="MethodReturnValue">Change the return value of type {0} from {1} to a framework type, or a type defined in the current assembly.</Resolution>
    <Resolution Name="MethodParameter">Change the type of parameter {0} from {1} to a framework type, or a type defined in the current assembly.</Resolution>
    <Resolution Name="Property">Change the type of property {0} from {1} to a framework type, or a type defined in the current assembly.</Resolution>
    <MessageLevel Certainty="75">Warning</MessageLevel>
    <Email></Email>
    <FixCategories>Breaking</FixCategories>
    <Owner></Owner>
  </Rule>
  <Rule TypeName="ViewMembersShouldNotHaveOpenGenericParameters" Category="AddInViewRules" CheckId="AF1020">
    <Name>View members should not have open generic parameters</Name>
    <Description>There are no tools to automatically generate pipelines for open generic types. Thus, if you decide to isolate this type later you will have to do the adapter logic by hand.</Description>
    <Url>http://www.codeplex.com/clraddins</Url>
    <Resolution>Change member {0} to be non-generic.</Resolution>
    <MessageLevel Certainty="100">Warning</MessageLevel>
    <Email></Email>
    <FixCategories>Breaking</FixCategories>
    <Owner></Owner>
  </Rule>
  <Rule TypeName="ViewsShouldNotUseATypeDefinedSimplyAsSystemObject" Category="AddInViewRules" CheckId="AF1021">
    <Name>Views should not use a type defined simply as System.Object</Name>
    <Description>Defining the type as System.Object makes it very difficult to ensure that it versions well over time. If this is intended to represent an arbitrary contract type, you should use a more specific type instead.</Description>
    <Url>http://www.codeplex.com/clraddins</Url>
    <Resolution Name="Field">Change the type of field {0}.</Resolution>
    <Resolution Name="MethodReturnValue">Change the return value of type {0}.</Resolution>
    <Resolution Name="MethodParameter">Change the type of parameter {0}.</Resolution>
    <Resolution Name="Property">Change the type of property {0}.</Resolution>
    <MessageLevel Certainty="95">Warning</MessageLevel>
    <Email></Email>
    <FixCategories>Breaking</FixCategories>
    <Owner></Owner>
  </Rule>
  <Rule TypeName="ViewMembersShouldNotBeMarkedStatic" Category="AddInViewRules" CheckId="AF1022">
    <Name>View members should not be marked static</Name>
    <Description>The state of static types is stored per AppDomain, and changes to state in one AppDomain are not reflected in others. Static types in the view are OK as long as they provide simple helper functionality and are stateless.</Description>
    <Url>http://www.codeplex.com/clraddins</Url>
    <Resolution>Change member {0} to non-static.</Resolution>
    <MessageLevel Certainty="75">Warning</MessageLevel>
    <Email></Email>
    <FixCategories>Breaking</FixCategories>
    <Owner></Owner>
  </Rule>
</Rules>